{
  "type": "regular",
  "keyMap": [

    {
      "key": 1,
      "size": [ 32, 32 ],
      "index": 0,
      "layer": 0,
      "rotation": 0,
      "color": 1,
      "physics": false
    },

    {
      "key": 2,
      "size": [ 32, 32 ],
      "index": 1,
      "layer": 0,
      "rotation": 0,
      "color": 1,
      "physics": false
    },

    {
      "key": 3,
      "size": [ 32, 32 ],
      "index": 2,
      "layer": 0,
      "rotation": 0,
      "color": 1,
      "physics": false
    },
    {
      "key": 4,
      "size": [ 32, 32 ],
      "index": 4,
      "layer": 0,
      "rotation": 0,
      "color": 1,
      "physics": true
    },
    {
      "key": 5,
      "size": [ 32, 32 ],
      "index": 5,
      "layer": 0,
      "rotation": 0,
      "color": 1,
      "physics": false
    },
    {
      "key": 6,
      "size": [ 32, 32 ],
      "index": 6,
      "layer": 0,
      "rotation": 0,
      "color": 1,
      "physics": false
    },
    {
      "key": 7,
      "size": [ 32, 32 ],
      "index": 7,
      "layer": 0,
      "rotation": 0,
      "color": 1,
      "physics": false
    },
    {
      "key": 8,
      "size": [ 32, 32 ],
      "index": 8,
      "layer": 0,
      "rotation": 0,
      "color": 1,
      "physics": false
    },

    {
      "key": 9,
      "size": [ 32, 32 ],
      "index": 9,
      "layer": 0,
      "rotation": 0,
      "color": 1,
      "physics": true
    },

    {
      "key": 10,
      "size": [ 32, 32 ],
      "index": 10,
      "layer": 0,
      "rotation": 0,
      "color": 1,
      "physics": true
    },

    {
      "key": 11,
      "size": [ 32, 32 ],
      "index": 11,
      "layer": 0,
      "rotation": 0,
      "color": 1,
      "physics": true
    },

    {
      "key": 12,
      "size": [ 32, 32 ],
      "index": 12,
      "layer": 0,
      "rotation": 0,
      "color": 1,
      "physics": false
    },
    {
      "key": 13,
      "size": [ 32, 32 ],
      "index": 13,
      "layer": 0,
      "rotation": 0,
      "color": 1,
      "physics": false
    },


    {
      "key": 14,
      "size": [ 32, 32 ],
      "index": 14,
      "layer": 0,
      "rotation": 0,
      "color": 1,
      "physics": true
    },
    {
      "key": 15,
      "size": [ 32, 32 ],
      "index": 15,
      "layer": 0,
      "rotation": 0,
      "color": 1,
      "physics": true
    },
    {
      "key": 16,
      "size": [ 32, 32 ],
      "index": 16,
      "layer": 0,
      "rotation": 0,
      "color": 1,
      "physics": false
    },
    {
      "key": 17,
      "size": [ 32, 32 ],
      "index": 17,
      "layer": 0,
      "rotation": 0,
      "color": 1,
      "physics": false
    },
    {
      "key": 20,
      "size": [ 32, 32 ],
      "index": 20,
      "layer": 0,
      "rotation": 0,
      "color": 1,
      "physics": false
    },
    {
      "key": 21,
      "size": [ 32, 32 ],
      "index": 21,
      "layer": 0,
      "rotation": 0,
      "color": 1,
      "physics": false
    },
    {
      "key": 22,
      "size": [ 32, 32 ],
      "index": 22,
      "layer": 0,
      "rotation": 0,
      "color": 1,
      "physics": false
    },
    {
      "key": 23,
      "size": [ 32, 32 ],
      "index": 23,
      "layer": 0,
      "rotation": 0,
      "color": 1,
      "physics": true
    },
    {
      "key": 24,
      "size": [ 32, 32 ],
      "index": 24,
      "layer": 0,
      "rotation": 0,
      "color": 1,
      "physics": true
    },
    {
      "key": 0,
      "size": [ 32, 32 ],
      "index": 3,
      "layer": 0,
      "rotation": 0,
      "color": 1,
      "physics": true
    }


  ],
  "properties": {
    "width": 64 ,
    "height": 64 ,
	"tileSize": 32 
  },

  "tileMap": [
    0 , 0 , 0 , 0 , 0 , 0 , 0 , 0 , 0 , 0 , 0 , 0 , 0 , 0 , 0 , 0 , 0 , 0 , 0 , 0 , 0 , 0 , 0 , 0 , 0 , 0 , 0 , 0 , 0 , 0 , 0 , 0 , 0 , 0 , 0 , 0 , 0 , 0 , 0 , 0 , 0 , 0 , 0 , 0 , 0 , 0 , 0 , 0 , 0 , 0 , 0 , 0 , 0 , 0 , 0 , 0 , 0 , 0 , 0 , 0 , 0 , 0 , 0 , 0 ,
    0 , 1 , 1 , 1 , 1 , 1 , 1 , 1 , 1 , 1 , 1 , 1 , 1 , 1 , 1 , 3 , 3 , 1 , 1 , 1 , 1 , 1 , 1 , 1 , 1 , 1 , 1 , 1 , 1 , 1 , 1 , 2 , 2 , 1 , 1 , 1 , 1 , 1 , 1 , 1 , 1 , 1 , 1 , 1 , 1 , 1 , 1 , 3 , 3 , 1 , 1 , 1 , 1 , 1 , 1 , 1 , 1 , 1 , 1 , 1 , 1 , 1 , 1 , 0 ,
    0 , 1 , 16, 1 , 22, 21, 22, 22, 22, 20, 22, 21, 1 , 16, 1 , 3 , 3 , 1 , 16, 1 , 22, 22, 22, 22, 22, 21, 22, 20, 1 , 16, 1 , 2 , 2 , 1 , 16, 1 , 20, 22, 22, 22, 22, 22, 21, 22, 1 , 16, 1 , 3 , 3 , 1 , 16, 1 , 1 , 1 , 16, 1 , 1 , 16, 1 , 1 , 1 , 16, 1 , 0 ,
    0 , 1 , 16, 1 , 17, 17, 17, 17, 17, 17, 17, 17, 1 , 16, 1 , 3 , 3 , 1 , 16, 1 , 17, 17, 17, 17, 17, 17, 17, 17, 1 , 16, 1 , 2 , 2 , 1 , 16, 1 , 17, 17, 17, 17, 17, 17, 17, 17, 1 , 16, 1 , 3 , 3 , 1 , 16, 1 , 17, 1 , 16, 17, 17, 16, 1 , 17, 1 , 16, 1 , 0 ,
    0 , 1 , 16, 1 , 22, 22, 20, 22, 21, 22, 22, 22, 1 , 16, 1 , 3 , 3 , 1 , 16, 1 , 22, 21, 20, 22, 22, 22, 22, 22, 1 , 16, 1 , 2 , 2 , 1 , 16, 1 , 22, 21, 22, 22, 22, 21, 22, 22, 1 , 16, 1 , 3 , 3 , 1 , 16, 1 , 1 , 1 , 16, 1 , 1 , 16, 1 , 1 , 1 , 16, 1 , 0 ,
    0 , 1 , 1 , 1 , 1 , 1 , 1 , 1 , 1 , 1 , 1 , 1 , 1 , 1 , 1 , 3 , 3 , 1 , 1 , 1 , 1 , 1 , 1 , 1 , 1 , 1 , 1 , 1 , 1 , 1 , 1 , 2 , 2 , 1 , 1 , 1 , 1 , 1 , 1 , 1 , 1 , 1 , 1 , 1 , 1 , 1 , 1 , 3 , 3 , 1 , 1 , 1 , 1 , 1 , 1 , 1 , 1 , 1 , 1 , 1 , 1 , 1 , 1 , 0 ,
    0 , 3 , 3 , 3 , 3 , 3 , 3 , 3 , 3 , 3 , 3 , 3 , 3 , 3 , 3 , 3 , 3 , 3 , 3 , 3 , 3 , 3 , 3 , 3 , 3 , 3 , 3 , 3 , 3 , 3 , 3 , 2 , 2 , 3 , 3 , 3 , 3 , 3 , 3 , 3 , 3 , 3 , 3 , 3 , 3 , 3 , 3 , 3 , 3 , 3 , 3 , 3 , 3 , 3 , 3 , 3 , 3 , 3 , 3 , 3 , 3 , 3 , 3 , 0 ,
    0 , 3 , 3 , 3 , 3 , 3 , 3 , 3 , 3 , 3 , 3 , 3 , 3 , 3 , 3 , 3 , 3 , 3 , 3 , 3 , 3 , 3 , 3 , 3 , 3 , 3 , 3 , 3 , 3 , 3 , 3 , 2 , 2 , 3 , 3 , 3 , 3 , 3 , 3 , 3 , 3 , 3 , 3 , 3 , 3 , 3 , 3 , 3 , 3 , 3 , 3 , 3 , 3 , 3 , 3 , 3 , 3 , 3 , 3 , 3 , 3 , 3 , 3 , 0 ,
    0 , 1 , 1 , 1 , 1 , 1 , 1 , 1 , 1 , 1 , 1 , 1 , 1 , 1 , 1 , 3 , 3 , 1 , 1 , 1 , 1 , 1 , 1 , 1 , 1 , 1 , 1 , 1 , 1 , 1 , 1 , 2 , 2 , 1 , 1 , 1 , 1 , 1 , 1 , 1 , 1 , 1 , 1 , 1 , 1 , 1 , 1 , 3 , 3 , 1 , 1 , 1 , 1 , 1 , 1 , 1 , 1 , 1 , 1 , 1 , 1 , 1 , 1 , 0 ,
    0 , 1 , 16, 1 , 22, 21, 22, 22, 22, 20, 22, 21, 1 , 16, 1 , 3 , 3 , 1 , 16, 1 , 22, 21, 22, 22, 22, 20, 22, 21, 1 , 16, 1 , 2 , 2 , 1 , 16, 1 , 22, 21, 22, 22, 22, 22, 22, 21, 1 , 16, 1 , 3 , 3 , 1 , 1 , 1 , 1 , 1 , 1 , 1 , 1 , 1 , 1 , 1 , 1 , 1 , 1 , 0 ,
    0 , 1 , 16, 1 , 17, 17, 17, 17, 17, 17, 17, 17, 1 , 16, 1 , 3 , 3 , 1 , 16, 1 , 17, 17, 17, 17, 17, 17, 17, 17, 1 , 16, 1 , 2 , 2 , 1 , 16, 1 , 17, 17, 17, 17, 17, 17, 17, 17, 1 , 16, 1 , 3 , 3 , 1 , 1 , 1 , 1 , 1 , 1 , 1 , 1 , 1 , 1 , 1 , 1 , 1 , 1 , 0 ,
    0 , 1 , 16, 1 , 22, 22, 20, 22, 21, 22, 22, 22, 1 , 16, 1 , 3 , 3 , 1 , 16, 1 , 22, 22, 20, 22, 21, 22, 22, 22, 1 , 16, 1 , 2 , 2 , 1 , 16, 1 , 22, 21, 22, 22, 21, 22, 20, 22, 1 , 16, 1 , 3 , 3 , 1 , 1 , 1 , 1 , 1 , 1 , 1 , 1 , 1 , 1 , 1 , 1 , 1 , 1 , 0 ,
    0 , 1 , 1 , 1 , 1 , 1 , 1 , 1 , 1 , 1 , 1 , 1 , 1 , 1 , 1 , 3 , 3 , 1 , 1 , 1 , 1 , 1 , 1 , 1 , 1 , 1 , 1 , 1 , 1 , 1 , 1 , 2 , 2 , 1 , 1 , 1 , 1 , 1 , 1 , 1 , 1 , 1 , 1 , 1 , 1 , 1 , 1 , 3 , 3 , 1 , 1 , 1 , 1 , 1 , 1 , 1 , 1 , 1 , 1 , 1 , 1 , 1 , 1 , 0 ,
    0 , 3 , 3 , 3 , 3 , 3 , 3 , 3 , 3 , 3 , 3 , 3 , 3 , 3 , 3 , 3 , 3 , 3 , 3 , 3 , 3 , 3 , 3 , 3 , 3 , 3 , 3 , 3 , 3 , 3 , 3 , 2 , 2 , 3 , 3 , 3 , 3 , 3 , 3 , 3 , 3 , 3 , 3 , 3 , 3 , 3 , 3 , 3 , 3 , 3 , 3 , 3 , 3 , 3 , 3 , 3 , 3 , 3 , 3 , 3 , 3 , 3 , 3 , 0 ,
    0 , 3 , 3 , 3 , 3 , 3 , 3 , 3 , 3 , 3 , 3 , 3 , 3 , 3 , 3 , 3 , 3 , 3 , 3 , 3 , 3 , 3 , 3 , 3 , 3 , 3 , 3 , 3 , 3 , 3 , 3 , 2 , 2 , 3 , 3 , 3 , 3 , 3 , 3 , 3 , 3 , 3 , 3 , 3 , 3 , 3 , 3 , 3 , 3 , 3 , 3 , 3 , 3 , 3 , 3 , 3 , 3 , 3 , 3 , 3 , 3 , 3 , 3 , 0 ,
    0 , 1 , 1 , 1 , 4 , 4 , 4 , 4 , 4 , 4 , 4 , 4 , 1 , 1 , 1 , 3 , 3 , 1 , 1 , 1 , 1 , 1 , 1 , 1 , 1 , 1 , 1 , 1 , 1 , 1 , 1 , 2 , 2 , 1 , 1 , 1 , 1 , 1 , 1 , 1 , 1 , 1 , 1 , 1 , 1 , 1 , 1 , 3 , 3 , 1 , 1 , 1 , 1 , 1 , 1 , 1 , 1 , 1 , 1 , 1 , 1 , 1 , 1 , 0 ,
    0 , 1 , 16, 1 , 4 , 9 , 10, 11, 6 , 12, 13, 4 , 1 , 16, 1 , 3 , 3 , 1 , 16, 1 , 17, 17, 17, 17, 17, 17, 17, 17, 1 , 16, 1 , 2 , 2 , 1 , 16, 1 , 17, 17, 17, 17, 17, 17, 17, 17, 1 , 16, 1 , 3 , 3 , 1 , 16, 1 , 1 , 16, 1 , 17, 17, 1 , 16, 1 , 1 , 16, 1 , 0 ,
    0 , 1 , 16, 1 , 4 , 6 , 6 , 6 , 6 , 6 , 6 , 4 , 1 , 16, 1 , 3 , 3 , 1 , 16, 1 , 22, 22, 22, 22, 22, 22, 22, 22, 1 , 16, 1 , 2 , 2 , 1 , 16, 1 , 22, 22, 22, 22, 22, 22, 22, 22, 1 , 16, 1 , 3 , 3 , 1 , 16, 1 , 16, 1 , 17, 17, 17, 17, 1 , 16, 1 , 16, 1 , 0 ,
    0 , 1 , 16, 1 , 4 , 9 , 6 , 6 , 6 , 6 , 6 , 4 , 1 , 16, 1 , 3 , 3 , 1 , 16, 1 , 22, 22, 22, 22, 22, 22, 22, 22, 1 , 16, 1 , 2 , 2 , 1 , 16, 1 , 22, 22, 22, 22, 22, 22, 22, 22, 1 , 16, 1 , 3 , 3 , 1 , 16, 1 , 16, 1 , 17, 17, 17, 17, 1 , 16, 1 , 16, 1 , 0 ,
    0 , 1 , 16, 1 , 4 , 4 , 4 , 6 , 6 , 4 , 4 , 4 , 1 , 16, 1 , 3 , 3 , 1 , 16, 1 , 17, 17, 17, 17, 17, 17, 17, 17, 1 , 16, 1 , 2 , 2 , 1 , 16, 1 , 17, 17, 17, 17, 17, 17, 17, 17, 1 , 16, 1 , 3 , 3 , 1 , 16, 1 , 1 , 16, 1 , 17, 17, 1 , 16, 1 , 1 , 16, 1 , 0 ,
    0 , 1 , 1 , 1 , 1 , 1 , 1 , 3 , 3 , 1 , 1 , 1 , 1 , 1 , 1 , 3 , 3 , 1 , 1 , 1 , 1 , 1 , 1 , 1 , 1 , 1 , 1 , 1 , 1 , 1 , 1 , 2 , 2 , 1 , 1 , 1 , 1 , 1 , 1 , 1 , 1 , 1 , 1 , 1 , 1 , 1 , 1 , 3 , 3 , 1 , 1 , 1 , 1 , 1 , 1 , 1 , 1 , 1 , 1 , 1 , 1 , 1 , 1 , 0 ,
    0 , 3 , 3 , 3 , 3 , 3 , 3 , 3 , 3 , 3 , 3 , 3 , 3 , 3 , 3 , 3 , 3 , 3 , 3 , 3 , 3 , 3 , 3 , 3 , 3 , 3 , 3 , 3 , 3 , 3 , 3 , 2 , 2 , 3 , 3 , 3 , 3 , 3 , 3 , 3 , 3 , 3 , 3 , 3 , 3 , 3 , 3 , 3 , 3 , 3 , 3 , 3 , 3 , 3 , 3 , 3 , 3 , 3 , 3 , 3 , 3 , 3 , 3 , 0 ,
    0 , 3 , 3 , 3 , 3 , 3 , 3 , 3 , 3 , 3 , 3 , 3 , 3 , 3 , 3 , 3 , 3 , 3 , 3 , 3 , 3 , 3 , 3 , 3 , 3 , 3 , 3 , 3 , 3 , 3 , 3 , 2 , 2 , 3 , 3 , 3 , 3 , 3 , 3 , 3 , 3 , 3 , 3 , 3 , 3 , 3 , 3 , 3 , 3 , 3 , 3 , 3 , 3 , 3 , 3 , 3 , 3 , 3 , 3 , 3 , 3 , 3 , 3 , 0 ,
    0 , 1 , 1 , 1 , 1 , 1 , 1 , 1 , 1 , 1 , 1 , 1 , 1 , 1 , 1 , 3 , 3 , 1 , 1 , 1 , 1 , 1 , 1 , 1 , 1 , 1 , 1 , 1 , 1 , 1 , 1 , 2 , 2 , 1 , 1 , 1 , 1 , 1 , 1 , 1 , 1 , 1 , 1 , 1 , 1 , 1 , 1 , 3 , 3 , 1 , 1 , 1 , 1 , 1 , 1 , 1 , 1 , 1 , 1 , 1 , 1 , 1 , 1 , 0 ,
    0 , 1 , 16, 1 , 1 , 1 , 16, 16, 16, 16, 1 , 1 , 1 , 16, 1 , 3 , 3 , 1 , 16, 1 , 4 , 4 , 4 , 4 , 4 , 4 , 4 , 4 , 1 , 16, 1 , 2 , 2 , 1 , 16, 1 , 4 , 4 , 4 , 4 , 4 , 4 , 4 , 4 , 1 , 16, 1 , 3 , 3 , 1 , 1 , 1 , 1 , 1 , 1 , 1 , 1 , 1 , 1 , 1 , 1 , 1 , 1 , 0 ,
    0 , 1 , 16, 1 , 1 , 16, 17, 17, 17, 17, 16, 1 , 1 , 16, 1 , 3 , 3 , 1 , 16, 1 , 4 , 9 , 10, 11, 5 , 12, 13, 4 , 1 , 16, 1 , 2 , 2 , 1 , 16, 1 , 4 , 10, 9 , 6 , 6 , 11, 9 , 4 , 1 , 16, 1 , 3 , 3 , 1 , 1 , 1 , 1 , 1 , 1 , 1 , 1 , 1 , 1 , 1 , 1 , 1 , 1 , 0 ,
    0 , 1 , 16, 1 , 16, 17, 17, 17, 17, 17, 17, 16, 1 , 16, 1 , 3 , 3 , 1 , 16, 1 , 4 , 5 , 5 , 5 , 5 , 5 , 5 , 4 , 1 , 16, 1 , 2 , 2 , 1 , 16, 1 , 4 , 6 , 6 , 6 , 6 , 6 , 6 , 4 , 1 , 16, 1 , 3 , 3 , 1 , 1 , 1 , 1 , 1 , 1 , 1 , 1 , 1 , 1 , 1 , 1 , 1 , 1 , 0 ,
    0 , 1 , 16, 1 , 16, 17, 17, 17, 17, 17, 17, 16, 1 , 16, 1 , 3 , 3 , 1 , 16, 1 , 4 , 5 , 5 , 5 , 5 , 5 , 15, 4 , 1 , 16, 1 , 2 , 2 , 1 , 16, 1 , 4 , 6 , 6 , 6 , 6 , 6 , 6 , 4 , 1 , 16, 1 , 3 , 3 , 1 , 1 , 1 , 1 , 1 , 1 , 1 , 1 , 1 , 1 , 1 , 1 , 1 , 1 , 0 ,
    0 , 1 , 16, 1 , 16, 17, 17, 17, 17, 17, 17, 16, 1 , 16, 1 , 3 , 3 , 1 , 16, 1 , 4 , 14, 5 , 5 , 5 , 5 , 9 , 4 , 1 , 16, 1 , 2 , 2 , 1 , 16, 1 , 4 , 12, 13, 6 , 6 , 14, 6 , 4 , 1 , 16, 1 , 3 , 3 , 1 , 1 , 1 , 1 , 1 , 1 , 1 , 1 , 1 , 1 , 1 , 1 , 1 , 1 , 0 ,
    0 , 1 , 16, 1 , 1 , 16, 17, 17, 17, 17, 16, 1 , 1 , 16, 1 , 3 , 3 , 1 , 16, 1 , 4 , 4 , 4 , 5 , 5 , 4 , 4 , 4 , 16, 1 , 2 , 2 , 2 , 2 , 1 , 16, 4 , 4 , 4 , 6 , 6 , 4 , 4 , 4 , 1 , 16, 1 , 3 , 3 , 1 , 1 , 1 , 1 , 1 , 1 , 1 , 1 , 1 , 1 , 1 , 1 , 1 , 1 , 0 ,
    0 , 1 , 16, 1 , 1 , 1 , 16, 16, 16, 16, 1 , 1 , 1 , 16, 1 , 3 , 3 , 1 , 1 , 1 , 1 , 1 , 1 , 3 , 3 , 1 , 1 , 1 , 1 , 2 , 2 , 2 , 2 , 2 , 2 , 1 , 1 , 1 , 1 , 3 , 3 , 1 , 1 , 1 , 1 , 1 , 1 , 3 , 3 , 1 , 1 , 1 , 1 , 1 , 1 , 1 , 1 , 1 , 1 , 1 , 1 , 1 , 1 , 0 ,
    0 , 2 , 2 , 2 , 2 , 2 , 2 , 2 , 2 , 2 , 2 , 2 , 2 , 2 , 2 , 3 , 3 , 2 , 2 , 2 , 2 , 2 , 2 , 2 , 2 , 2 , 2 , 2 , 2 , 2 , 2 , 24, 24, 2 , 2 , 2 , 2 , 2 , 2 , 2 , 2 , 2 , 2 , 2 , 2 , 2 , 2 , 3 , 3 , 2 , 2 , 2 , 2 , 2 , 2 , 2 , 2 , 2 , 2 , 2 , 2 , 2 , 2 , 0 ,
    0 , 2 , 2 , 2 , 2 , 2 , 2 , 2 , 2 , 2 , 2 , 2 , 2 , 2 , 2 , 3 , 3 , 2 , 2 , 2 , 2 , 2 , 2 , 2 , 2 , 2 , 2 , 2 , 2 , 2 , 2 , 24, 24, 2 , 2 , 2 , 2 , 2 , 2 , 2 , 2 , 2 , 2 , 2 , 2 , 2 , 2 , 3 , 3 , 2 , 2 , 2 , 2 , 2 , 2 , 2 , 2 , 2 , 2 , 2 , 2 , 2 , 2 , 0 ,
    0 , 1 , 1 , 1 , 1 , 1 , 1 , 1 , 1 , 1 , 1 , 1 , 1 , 1 , 1 , 3 , 3 , 1 , 1 , 1 , 1 , 1 , 1 , 3 , 3 , 1 , 1 , 1 , 1 , 2 , 2 , 2 , 2 , 2 , 2 , 1 , 1 , 1 , 1 , 3 , 3 , 1 , 1 , 1 , 1 , 1 , 1 , 3 , 3 , 1 , 1 , 1 , 1 , 1 , 1 , 1 , 1 , 1 , 1 , 1 , 1 , 1 , 1 , 0 ,
    0 , 1 , 23, 1 , 1 , 1 , 1 , 1 , 1 , 23, 1 , 1 , 23, 23, 1 , 3 , 3 , 1 , 16, 1 , 4 , 4 , 4 , 7 , 7 , 4 , 4 , 4 , 16, 1 , 2 , 2 , 2 , 2 , 1 , 16, 4 , 4 , 4 , 8 , 8 , 4 , 4 , 4 , 1 , 16, 1 , 3 , 3 , 1 , 16, 1 , 1 , 1 , 16, 16, 16, 16, 1 , 1 , 1 , 16, 1 , 0 ,
    0 , 1 , 23, 23, 1 , 1 , 1 , 1 , 23, 23, 23, 1 , 1 , 23, 1 , 3 , 3 , 1 , 16, 1 , 4 , 12, 13, 7 , 7 , 7 , 15, 4 , 1 , 16, 1 , 2 , 2 , 1 , 16, 1 , 4 , 8 , 8 , 8 , 8 , 12, 13, 4 , 1 , 16, 1 , 3 , 3 , 1 , 16, 1 , 1 , 16, 17, 17, 17, 17, 16, 1 , 1 , 16, 1 , 0 ,
    0 , 1 , 23, 23, 23, 1 , 1 , 1 , 1 , 23, 1 , 1 , 23, 23, 1 , 3 , 3 , 1 , 16, 1 , 4 , 7 , 7 , 7 , 7 , 7 , 7 , 4 , 1 , 16, 1 , 2 , 2 , 1 , 16, 1 , 4 , 8 , 8 , 8 , 8 , 8 , 8 , 4 , 1 , 16, 1 , 3 , 3 , 1 , 16, 1 , 16, 17, 17, 17, 17, 17, 17, 16, 1 , 16, 1 , 0 ,
    0 , 1 , 1 , 23, 1 , 1 , 1 , 23, 1 , 1 , 1 , 1 , 1 , 23, 1 , 3 , 3 , 1 , 16, 1 , 4 , 7 , 7 , 7 , 7 , 7 , 7 , 4 , 1 , 16, 1 , 2 , 2 , 1 , 16, 1 , 4 , 8 , 8 , 8 , 8 , 8 , 8 , 4 , 1 , 16, 1 , 3 , 3 , 1 , 16, 1 , 16, 17, 17, 17, 17, 17, 17, 16, 1 , 16, 1 , 0 ,
    0 , 1 , 23, 1 , 1 , 1 , 23, 23, 23, 1 , 1 , 1 , 23, 23, 1 , 3 , 3 , 1 , 16, 1 , 4 , 9 , 11, 7 , 7 , 10, 9 , 4 , 1 , 16, 1 , 2 , 2 , 1 , 16, 1 , 4 , 14, 9 , 10, 11, 9 , 15, 4 , 1 , 16, 1 , 3 , 3 , 1 , 16, 1 , 16, 17, 17, 17, 17, 17, 17, 16, 1 , 16, 1 , 0 ,
    0 , 1 , 23, 23, 1 , 1 , 1 , 23, 1 , 1 , 1 , 23, 23, 1 , 1 , 3 , 3 , 1 , 16, 1 , 4 , 4 , 4 , 4 , 4 , 4 , 4 , 4 , 1 , 16, 1 , 2 , 2 , 1 , 16, 1 , 4 , 4 , 4 , 4 , 4 , 4 , 4 , 4 , 1 , 16, 1 , 3 , 3 , 1 , 16, 1 , 1 , 16, 17, 17, 17, 17, 16, 1 , 1 , 16, 1 , 0 ,
    0 , 1 , 1 , 1 , 1 , 1 , 1 , 1 , 1 , 1 , 1 , 1 , 1 , 1 , 1 , 3 , 3 , 1 , 1 , 1 , 1 , 1 , 1 , 1 , 1 , 1 , 1 , 1 , 1 , 1 , 1 , 2 , 2 , 1 , 1 , 1 , 1 , 1 , 1 , 1 , 1 , 1 , 1 , 1 , 1 , 1 , 1 , 3 , 3 , 1 , 16, 1 , 1 , 1 , 16, 16, 16, 16, 1 , 1 , 1 , 16, 1 , 0 ,
    0 , 3 , 3 , 3 , 3 , 3 , 3 , 3 , 3 , 3 , 3 , 3 , 3 , 3 , 3 , 3 , 3 , 3 , 3 , 3 , 3 , 3 , 3 , 3 , 3 , 3 , 3 , 3 , 3 , 3 , 3 , 2 , 2 , 3 , 3 , 3 , 3 , 3 , 3 , 3 , 3 , 3 , 3 , 3 , 3 , 3 , 3 , 3 , 3 , 3 , 3 , 3 , 3 , 3 , 3 , 3 , 3 , 3 , 3 , 3 , 3 , 3 , 3 , 0 ,
    0 , 3 , 3 , 3 , 3 , 3 , 3 , 3 , 3 , 3 , 3 , 3 , 3 , 3 , 3 , 3 , 3 , 3 , 3 , 3 , 3 , 3 , 3 , 3 , 3 , 3 , 3 , 3 , 3 , 3 , 3 , 2 , 2 , 3 , 3 , 3 , 3 , 3 , 3 , 3 , 3 , 3 , 3 , 3 , 3 , 3 , 3 , 3 , 3 , 3 , 3 , 3 , 3 , 3 , 3 , 3 , 3 , 3 , 3 , 3 , 3 , 3 , 3 , 0 ,
    0 , 1 , 23, 1 , 1 , 1 , 1 , 1 , 1 , 23, 1 , 1 , 23, 23, 1 , 3 , 3 , 1 , 1 , 1 , 1 , 1 , 1 , 1 , 1 , 1 , 1 , 1 , 1 , 1 , 1 , 2 , 2 , 1 , 1 , 1 , 1 , 1 , 1 , 1 , 1 , 1 , 1 , 1 , 1 , 1 , 1 , 3 , 3 , 1 , 1 , 1 , 1 , 1 , 1 , 1 , 1 , 1 , 1 , 1 , 1 , 1 , 1 , 0 ,
    0 , 1 , 23, 23, 1 , 1 , 1 , 1 , 23, 23, 23, 1 , 1 , 23, 1 , 3 , 3 , 1 , 16, 1 , 1 , 1 , 1 , 1 , 1 , 1 , 1 , 1 , 1 , 16, 1 , 2 , 2 , 1 , 16, 1 , 1 , 16, 1 , 17, 17, 1 , 16, 1 , 1 , 16, 1 , 3 , 3 , 1 , 1 , 1 , 1 , 1 , 1 , 1 , 1 , 1 , 1 , 1 , 1 , 1 , 1 , 0 ,
    0 , 1 , 23, 23, 23, 1 , 1 , 1 , 1 , 23, 1 , 1 , 23, 23, 1 , 3 , 3 , 1 , 16, 1 , 1 , 17, 17, 16, 16, 17, 17, 1 , 1 , 16, 1 , 2 , 2 , 1 , 16, 1 , 16, 1 , 17, 17, 17, 17, 1 , 16, 1 , 16, 1 , 3 , 3 , 1 , 1 , 1 , 1 , 1 , 1 , 1 , 1 , 1 , 1 , 1 , 1 , 1 , 1 , 0 ,
    0 , 1 , 1 , 23, 1 , 1 , 1 , 23, 1 , 1 , 1 , 1 , 1 , 23, 1 , 3 , 3 , 1 , 16, 1 , 1 , 17, 17, 16, 16, 17, 17, 1 , 1 , 16, 1 , 2 , 2 , 1 , 16, 1 , 16, 1 , 17, 17, 17, 17, 1 , 16, 1 , 16, 1 , 3 , 3 , 1 , 1 , 1 , 1 , 1 , 1 , 1 , 1 , 1 , 1 , 1 , 1 , 1 , 1 , 0 ,
    0 , 1 , 23, 1 , 1 , 1 , 23, 23, 23, 1 , 1 , 1 , 23, 23, 1 , 3 , 3 , 1 , 16, 1 , 1 , 1 , 1 , 1 , 1 , 1 , 1 , 1 , 1 , 16, 1 , 2 , 2 , 1 , 16, 1 , 1 , 16, 1 , 17, 17, 1 , 16, 1 , 1 , 16, 1 , 3 , 3 , 1 , 1 , 1 , 1 , 1 , 1 , 1 , 1 , 1 , 1 , 1 , 1 , 1 , 1 , 0 ,
    0 , 1 , 23, 23, 1 , 1 , 1 , 23, 1 , 1 , 1 , 23, 23, 1 , 1 , 3 , 3 , 1 , 1 , 1 , 1 , 1 , 1 , 1 , 1 , 1 , 1 , 1 , 1 , 1 , 1 , 2 , 2 , 1 , 1 , 1 , 1 , 1 , 1 , 1 , 1 , 1 , 1 , 1 , 1 , 1 , 1 , 3 , 3 , 1 , 1 , 1 , 1 , 1 , 1 , 1 , 1 , 1 , 1 , 1 , 1 , 1 , 1 , 0 ,
    0 , 3 , 3 , 3 , 3 , 3 , 3 , 3 , 3 , 3 , 3 , 3 , 3 , 3 , 3 , 3 , 3 , 3 , 3 , 3 , 3 , 3 , 3 , 3 , 3 , 3 , 3 , 3 , 3 , 3 , 3 , 2 , 2 , 3 , 3 , 3 , 3 , 3 , 3 , 3 , 3 , 3 , 3 , 3 , 3 , 3 , 3 , 3 , 3 , 3 , 3 , 3 , 3 , 3 , 3 , 3 , 3 , 3 , 3 , 3 , 3 , 3 , 3 , 0 ,
    0 , 3 , 3 , 3 , 3 , 3 , 3 , 3 , 3 , 3 , 3 , 3 , 3 , 3 , 3 , 3 , 3 , 3 , 3 , 3 , 3 , 3 , 3 , 3 , 3 , 3 , 3 , 3 , 3 , 3 , 3 , 2 , 2 , 3 , 3 , 3 , 3 , 3 , 3 , 3 , 3 , 3 , 3 , 3 , 3 , 3 , 3 , 3 , 3 , 3 , 3 , 3 , 3 , 3 , 3 , 3 , 3 , 3 , 3 , 3 , 3 , 3 , 3 , 0 ,
    0 , 1 , 16, 1 , 4 , 4 , 4 , 7 , 7 , 4 , 4 , 4 , 1 , 16, 1 , 3 , 3 , 1 , 1 , 1 , 1 , 1 , 1 , 1 , 1 , 1 , 1 , 1 , 1 , 1 , 1 , 2 , 2 , 1 , 1 , 1 , 1 , 1 , 1 , 1 , 1 , 1 , 1 , 1 , 1 , 1 , 1 , 3 , 3 , 1 , 16, 1 , 4 , 4 , 4 , 8 , 8 , 4 , 4 , 4 , 1 , 16, 1 , 0 ,
    0 , 1 , 16, 1 , 4 , 12, 13, 7 , 7 , 7 , 15, 4 , 1 , 16, 1 , 3 , 3 , 1 , 16, 1 , 1 , 1 , 1 , 1 , 1 , 1 , 1 , 1 , 1 , 16, 1 , 2 , 2 , 1 , 16, 1 , 1 , 1 , 1 , 1 , 1 , 1 , 1 , 1 , 1 , 16, 1 , 3 , 3 , 1 , 16, 1 , 4 , 12, 13, 8 , 8 , 8 , 15, 4 , 1 , 16, 1 , 0 ,
    0 , 1 , 16, 1 , 4 , 7 , 7 , 7 , 7 , 7 , 7 , 4 , 1 , 16, 1 , 3 , 3 , 1 , 16, 1 , 1 , 1 , 1 , 1 , 1 , 1 , 1 , 1 , 1 , 16, 1 , 2 , 2 , 1 , 16, 1 , 1 , 1 , 1 , 1 , 1 , 1 , 1 , 1 , 1 , 16, 1 , 3 , 3 , 1 , 16, 1 , 4 , 8 , 8 , 8 , 8 , 8 , 8 , 4 , 1 , 16, 1 , 0 ,
    0 , 1 , 16, 1 , 4 , 7 , 7 , 7 , 7 , 7 , 7 , 4 , 1 , 16, 1 , 3 , 3 , 1 , 16, 1 , 1 , 1 , 1 , 1 , 1 , 1 , 1 , 1 , 1 , 16, 1 , 2 , 2 , 1 , 16, 1 , 1 , 1 , 1 , 1 , 1 , 1 , 1 , 1 , 1 , 16, 1 , 3 , 3 , 1 , 16, 1 , 4 , 8 , 8 , 8 , 8 , 8 , 8 , 4 , 1 , 16, 1 , 0 ,
    0 , 1 , 16, 1 , 4 , 9 , 11, 7 , 7 , 10, 9 , 4 , 1 , 16, 1 , 3 , 3 , 1 , 16, 1 , 1 , 1 , 1 , 1 , 1 , 1 , 1 , 1 , 1 , 16, 1 , 2 , 2 , 1 , 16, 1 , 1 , 1 , 1 , 1 , 1 , 1 , 1 , 1 , 1 , 16, 1 , 3 , 3 , 1 , 16, 1 , 4 , 9 , 11, 8 , 8 , 10, 9 , 4 , 1 , 16, 1 , 0 ,
    0 , 1 , 16, 1 , 4 , 4 , 4 , 4 , 4 , 4 , 4 , 4 , 1 , 16, 1 , 3 , 3 , 1 , 1 , 1 , 1 , 1 , 1 , 1 , 1 , 1 , 1 , 1 , 1 , 1 , 1 , 2 , 2 , 1 , 1 , 1 , 1 , 1 , 1 , 1 , 1 , 1 , 1 , 1 , 1 , 1 , 1 , 3 , 3 , 1 , 16, 1 , 4 , 4 , 4 , 4 , 4 , 4 , 4 , 4 , 1 , 16, 1 , 0 ,
    0 , 3 , 3 , 3 , 3 , 3 , 3 , 3 , 3 , 3 , 3 , 3 , 3 , 3 , 3 , 3 , 3 , 3 , 3 , 3 , 3 , 3 , 3 , 3 , 3 , 3 , 3 , 3 , 3 , 3 , 3 , 2 , 2 , 3 , 3 , 3 , 3 , 3 , 3 , 3 , 3 , 3 , 3 , 3 , 3 , 3 , 3 , 3 , 3 , 3 , 3 , 3 , 3 , 3 , 3 , 3 , 3 , 3 , 3 , 3 , 3 , 3 , 3 , 0 ,
    0 , 3 , 3 , 3 , 3 , 3 , 3 , 3 , 3 , 3 , 3 , 3 , 3 , 3 , 3 , 3 , 3 , 3 , 3 , 3 , 3 , 3 , 3 , 3 , 3 , 3 , 3 , 3 , 3 , 3 , 3 , 2 , 2 , 3 , 3 , 3 , 3 , 3 , 3 , 3 , 3 , 3 , 3 , 3 , 3 , 3 , 3 , 3 , 3 , 3 , 3 , 3 , 3 , 3 , 3 , 3 , 3 , 3 , 3 , 3 , 3 , 3 , 3 , 0 ,
    0 , 1 , 1 , 1 , 1 , 1 , 1 , 1 , 1 , 1 , 1 , 1 , 1 , 1 , 1 , 3 , 3 , 1 , 1 , 1 , 1 , 1 , 1 , 1 , 1 , 1 , 1 , 1 , 1 , 1 , 1 , 2 , 2 , 1 , 1 , 1 , 1 , 1 , 1 , 1 , 1 , 1 , 1 , 1 , 1 , 1 , 1 , 3 , 3 , 1 , 1 , 1 , 1 , 1 , 1 , 1 , 1 , 1 , 1 , 1 , 1 , 1 , 1 , 0 ,
    0 , 1 , 16, 1 , 1 , 1 , 1 , 1 , 1 , 1 , 1 , 1 , 1 , 16, 1 , 3 , 3 , 1 , 16, 1 , 1 , 1 , 1 , 1 , 1 , 1 , 1 , 1 , 1 , 16, 1 , 2 , 2 , 1 , 16, 1 , 1 , 1 , 1 , 1 , 1 , 1 , 1 , 1 , 1 , 16, 1 , 3 , 3 , 16, 1 , 1 , 1 , 1 , 1 , 1 , 1 , 1 , 1 , 1 , 1 , 1 , 16, 0 ,
    0 , 1 , 16, 1 , 1 , 1 , 1 , 1 , 1 , 1 , 1 , 1 , 1 , 16, 1 , 3 , 3 , 1 , 16, 1 , 1 , 1 , 1 , 1 , 1 , 1 , 1 , 1 , 1 , 16, 1 , 2 , 2 , 1 , 16, 1 , 1 , 1 , 1 , 1 , 1 , 1 , 1 , 1 , 1 , 16, 1 , 3 , 3 , 16, 1 , 1 , 1 , 1 , 1 , 1 , 1 , 1 , 1 , 1 , 1 , 1 , 16, 0 ,
    0 , 1 , 1 , 1 , 1 , 1 , 1 , 1 , 1 , 1 , 1 , 1 , 1 , 1 , 1 , 3 , 3 , 1 , 1 , 1 , 1 , 1 , 1 , 1 , 1 , 1 , 1 , 1 , 1 , 1 , 1 , 2 , 2 , 1 , 1 , 1 , 1 , 1 , 1 , 1 , 1 , 1 , 1 , 1 , 1 , 1 , 1 , 3 , 3 , 1 , 1 , 1 , 1 , 1 , 1 , 1 , 1 , 1 , 1 , 1 , 1 , 1 , 1 , 0 ,
	0 , 0 , 0 , 0 , 0 , 0 , 0 , 0 , 0 , 0 , 0 , 0 , 0 , 0 , 0 , 0 , 0 , 0 , 0 , 0 , 0 , 0 , 0 , 0 , 0 , 0 , 0 , 0 , 0 , 0 , 0 , 0 , 0 , 0 , 0 , 0 , 0 , 0 , 0 , 0 , 0 , 0 , 0 , 0 , 0 , 0 , 0 , 0 , 0 , 0 , 0 , 0 , 0 , 0 , 0 , 0 , 0 , 0 , 0 , 0 , 0 , 0 , 0 , 0 
  ]
}